,month,Airline,Delay,revenue,value,delay_time,flights,Total Delay per 1000 Flights
1,1,Alaska Airlines Inc.,Carrier Delay,3952024,14.7378014854,502.93,13257,37.9369389756
2,1,Alaska Airlines Inc.,NAS Delay,3952024,14.7378014854,705.49,13257,53.21641397
3,1,Alaska Airlines Inc.,Security Delay,3952024,14.7378014854,4.07,13257,0.3070076186
4,1,Alaska Airlines Inc.,Weather Delay,3952024,14.7378014854,85.29,13257,6.4335822584
5,1,American Airlines Inc.,Carrier Delay,24016489,89.5617656316,3062.66,44059,69.512698881
6,1,American Airlines Inc.,NAS Delay,24016489,89.5617656316,2785.03,44059,63.2113756554
7,1,American Airlines Inc.,Security Delay,24016489,89.5617656316,14.62,44059,0.3318277764
8,1,American Airlines Inc.,Weather Delay,24016489,89.5617656316,343.09,44059,7.7870582628
9,1,Delta Air Lines Inc.,Carrier Delay,28217526,105.2281809517,2682.19,64421,41.6353363034
10,1,Delta Air Lines Inc.,NAS Delay,28217526,105.2281809517,2979.62,64421,46.2523090297
11,1,Delta Air Lines Inc.,Security Delay,28217526,105.2281809517,4.52,64421,0.070163456
12,1,Delta Air Lines Inc.,Weather Delay,28217526,105.2281809517,493.61,64421,7.662252992
13,1,Envoy Air,Carrier Delay,662665,5,2219.77,29900,74.2397993311
14,1,Envoy Air,NAS Delay,662665,5,3039.57,29900,101.6578595318
15,1,Envoy Air,Security Delay,662665,5,24.63,29900,0.8237458194
16,1,Envoy Air,Weather Delay,662665,5,659.67,29900,22.062541806
17,1,ExpressJet Airlines Inc.,Carrier Delay,980935,3.6580813528,2994.33,49925,59.9765648473
18,1,ExpressJet Airlines Inc.,NAS Delay,980935,3.6580813528,3888.35,49925,77.8838257386
19,1,ExpressJet Airlines Inc.,Security Delay,980935,3.6580813528,0,49925,0
20,1,ExpressJet Airlines Inc.,Weather Delay,980935,3.6580813528,188.65,49925,3.778668002
21,1,Frontier Airlines Inc.,Carrier Delay,1194437,4.4542683427,467.3,6829,68.4287597013
22,1,Frontier Airlines Inc.,NAS Delay,1194437,4.4542683427,952.86,6829,139.5314101625
23,1,Frontier Airlines Inc.,Security Delay,1194437,4.4542683427,0,6829,0
24,1,Frontier Airlines Inc.,Weather Delay,1194437,4.4542683427,19.06,6829,2.7910382194
25,1,Hawaiian Airlines Inc.,Carrier Delay,2010666,7.4981316818,415.65,6440,64.5419254658
26,1,Hawaiian Airlines Inc.,NAS Delay,2010666,7.4981316818,59,6440,9.1614906832
27,1,Hawaiian Airlines Inc.,Security Delay,2010666,7.4981316818,2.68,6440,0.4161490683
28,1,Hawaiian Airlines Inc.,Weather Delay,2010666,7.4981316818,19.09,6440,2.9642857143
29,1,JetBlue Airways,Carrier Delay,5893119,21.9764905152,1411.83,21623,65.2929750728
30,1,JetBlue Airways,NAS Delay,5893119,21.9764905152,1802.1,21623,83.3418119595
31,1,JetBlue Airways,Security Delay,5893119,21.9764905152,20.04,21623,0.9267909171
32,1,JetBlue Airways,Weather Delay,5893119,21.9764905152,101.31,21623,4.6852888128
33,1,SkyWest Airlines Inc.,Carrier Delay,1875495,6.9940549442,2800.39,48114,58.2032256724
34,1,SkyWest Airlines Inc.,NAS Delay,1875495,6.9940549442,3161.49,48114,65.7083177454
35,1,SkyWest Airlines Inc.,Security Delay,1875495,6.9940549442,19.84,48114,0.4123539926
36,1,SkyWest Airlines Inc.,Weather Delay,1875495,6.9940549442,345.68,48114,7.184603234
37,1,Southwest Airlines Co.,Carrier Delay,18299147,68.2407788612,5950.12,100042,59.4762199876
38,1,Southwest Airlines Co.,NAS Delay,18299147,68.2407788612,3529.18,100042,35.2769836669
39,1,Southwest Airlines Co.,Security Delay,18299147,68.2407788612,22.6,100042,0.2259051198
40,1,Southwest Airlines Co.,Weather Delay,18299147,68.2407788612,378.51,100042,3.7835109254
41,1,Spirit Air Lines,Carrier Delay,1267124,4.7253311137,369.36,8743,42.2463685234
42,1,Spirit Air Lines,NAS Delay,1267124,4.7253311137,1634.32,8743,186.9289717488
43,1,Spirit Air Lines,Security Delay,1267124,4.7253311137,4.84,8743,0.5535857257
44,1,Spirit Air Lines,Weather Delay,1267124,4.7253311137,11.01,8743,1.2592931488
45,1,United Air Lines Inc.,Carrier Delay,26160401,97.556795383,3296.51,38395,85.8577939836
46,1,United Air Lines Inc.,NAS Delay,26160401,97.556795383,2501.08,38395,65.1407735382
47,1,United Air Lines Inc.,Security Delay,26160401,97.556795383,0.8,38395,0.0208360464
48,1,United Air Lines Inc.,Weather Delay,26160401,97.556795383,453.09,38395,11.8007553067
49,1,US Airways Inc.,Carrier Delay,5006129,18.6687468022,1909.24,33489,57.0109588223
50,1,US Airways Inc.,NAS Delay,5006129,18.6687468022,2598.36,33489,77.588461883
51,1,US Airways Inc.,Security Delay,5006129,18.6687468022,25.59,33489,0.7641315059
52,1,US Airways Inc.,Weather Delay,5006129,18.6687468022,90.8,33489,2.7113380513
53,1,Virgin America,Carrier Delay,1340778,5,184.95,4731,39.0932149651
54,1,Virgin America,NAS Delay,1340778,5,242.18,4731,51.1900232509
55,1,Virgin America,Security Delay,1340778,5,3.99,4731,0.843373494
56,1,Virgin America,Weather Delay,1340778,5,122.72,4731,25.9395476643
57,2,Alaska Airlines Inc.,Carrier Delay,3952024,14.7378014854,413.73,12194,33.9289814663
58,2,Alaska Airlines Inc.,NAS Delay,3952024,14.7378014854,618.9,12194,50.7544694112
59,2,Alaska Airlines Inc.,Security Delay,3952024,14.7378014854,5.69,12194,0.4666229293
60,2,Alaska Airlines Inc.,Weather Delay,3952024,14.7378014854,50.18,12194,4.1151385928
61,2,American Airlines Inc.,Carrier Delay,24016489,89.5617656316,2397.71,39835,60.1910380319
62,2,American Airlines Inc.,NAS Delay,24016489,89.5617656316,2852.25,39835,71.6016066273
63,2,American Airlines Inc.,Security Delay,24016489,89.5617656316,12.68,39835,0.3183130413
64,2,American Airlines Inc.,Weather Delay,24016489,89.5617656316,533.15,39835,13.3839588302
65,2,Delta Air Lines Inc.,Carrier Delay,28217526,105.2281809517,3707.44,60884,60.893502398
66,2,Delta Air Lines Inc.,NAS Delay,28217526,105.2281809517,3624.64,60884,59.5335391893
67,2,Delta Air Lines Inc.,Security Delay,28217526,105.2281809517,2.52,60884,0.0413901846
68,2,Delta Air Lines Inc.,Weather Delay,28217526,105.2281809517,950.6,60884,15.613297418
69,2,Envoy Air,Carrier Delay,662665,5,1854.24,26940,68.8285077951
70,2,Envoy Air,NAS Delay,662665,5,2739.85,26940,101.7019302153
71,2,Envoy Air,Security Delay,662665,5,19.69,26940,0.7308834447
72,2,Envoy Air,Weather Delay,662665,5,705.19,26940,26.1763177431
73,2,ExpressJet Airlines Inc.,Carrier Delay,980935,3.6580813528,2913.14,45138,64.5385262971
74,2,ExpressJet Airlines Inc.,NAS Delay,980935,3.6580813528,3547.78,45138,78.5985200939
75,2,ExpressJet Airlines Inc.,Security Delay,980935,3.6580813528,0,45138,0
76,2,ExpressJet Airlines Inc.,Weather Delay,980935,3.6580813528,261.33,45138,5.7895786255
77,2,Frontier Airlines Inc.,Carrier Delay,1194437,4.4542683427,460.21,5809,79.223618523
78,2,Frontier Airlines Inc.,NAS Delay,1194437,4.4542683427,1105.3,5809,190.2737132036
79,2,Frontier Airlines Inc.,Security Delay,1194437,4.4542683427,0,5809,0
80,2,Frontier Airlines Inc.,Weather Delay,1194437,4.4542683427,32.12,5809,5.5293510071
81,2,Hawaiian Airlines Inc.,Carrier Delay,2010666,7.4981316818,465.14,5779,80.4879736979
82,2,Hawaiian Airlines Inc.,NAS Delay,2010666,7.4981316818,32.89,5779,5.691296072
83,2,Hawaiian Airlines Inc.,Security Delay,2010666,7.4981316818,1.31,5779,0.2266828171
84,2,Hawaiian Airlines Inc.,Weather Delay,2010666,7.4981316818,60.2,5779,10.4170271673
85,2,JetBlue Airways,Carrier Delay,5893119,21.9764905152,1961.05,19751,99.288643613
86,2,JetBlue Airways,NAS Delay,5893119,21.9764905152,2095.48,19751,106.0948812718
87,2,JetBlue Airways,Security Delay,5893119,21.9764905152,14.87,19751,0.7528732722
88,2,JetBlue Airways,Weather Delay,5893119,21.9764905152,190.35,19751,9.6374867095
89,2,SkyWest Airlines Inc.,Carrier Delay,1875495,6.9940549442,2288.47,43989,52.0236877401
90,2,SkyWest Airlines Inc.,NAS Delay,1875495,6.9940549442,2875.97,43989,65.3792993703
91,2,SkyWest Airlines Inc.,Security Delay,1875495,6.9940549442,10.91,43989,0.2480165496
92,2,SkyWest Airlines Inc.,Weather Delay,1875495,6.9940549442,367.87,43989,8.3627725113
93,2,Southwest Airlines Co.,Carrier Delay,18299147,68.2407788612,5172.92,90172,57.3672536929
94,2,Southwest Airlines Co.,NAS Delay,18299147,68.2407788612,3397.28,90172,37.6755533869
95,2,Southwest Airlines Co.,Security Delay,18299147,68.2407788612,10.26,90172,0.1137825489
96,2,Southwest Airlines Co.,Weather Delay,18299147,68.2407788612,421.67,90172,4.6762853214
97,2,Spirit Air Lines,Carrier Delay,1267124,4.7253311137,614.61,8089,75.9809618
98,2,Spirit Air Lines,NAS Delay,1267124,4.7253311137,1219.27,8089,150.7318580789
99,2,Spirit Air Lines,Security Delay,1267124,4.7253311137,4.46,8089,0.5513660527
100,2,Spirit Air Lines,Weather Delay,1267124,4.7253311137,66.1,8089,8.1715910496
101,2,United Air Lines Inc.,Carrier Delay,26160401,97.556795383,3129.32,36235,86.3618048848
102,2,United Air Lines Inc.,NAS Delay,26160401,97.556795383,2585.69,36235,71.358907134
103,2,United Air Lines Inc.,Security Delay,26160401,97.556795383,0,36235,0
104,2,United Air Lines Inc.,Weather Delay,26160401,97.556795383,617.91,36235,17.0528494549
105,2,US Airways Inc.,Carrier Delay,5006129,18.6687468022,2094.57,30153,69.4647298776
106,2,US Airways Inc.,NAS Delay,5006129,18.6687468022,2548.88,30153,84.5315557324
107,2,US Airways Inc.,Security Delay,5006129,18.6687468022,28.13,30153,0.9329088316
108,2,US Airways Inc.,Weather Delay,5006129,18.6687468022,207.94,30153,6.8961629025
109,2,Virgin America,Carrier Delay,1340778,5,162.49,4223,38.4773857447
110,2,Virgin America,NAS Delay,1340778,5,286.17,4223,67.7646223064
111,2,Virgin America,Security Delay,1340778,5,0.83,4223,0.1965427421
112,2,Virgin America,Weather Delay,1340778,5,115.81,4223,27.4236324888
113,3,Alaska Airlines Inc.,Carrier Delay,3952024,14.7378014854,558.43,14276,39.1166993556
114,3,Alaska Airlines Inc.,NAS Delay,3952024,14.7378014854,716.48,14276,50.1877276548
115,3,Alaska Airlines Inc.,Security Delay,3952024,14.7378014854,6.67,14276,0.467217708
116,3,Alaska Airlines Inc.,Weather Delay,3952024,14.7378014854,43.29,14276,3.0323620062
117,3,American Airlines Inc.,Carrier Delay,24016489,89.5617656316,3429.16,45966,74.6020972023
118,3,American Airlines Inc.,NAS Delay,24016489,89.5617656316,2908.16,45966,63.267632598
119,3,American Airlines Inc.,Security Delay,24016489,89.5617656316,12.08,45966,0.2628029413
120,3,American Airlines Inc.,Weather Delay,24016489,89.5617656316,182.96,45966,3.9803332898
121,3,Delta Air Lines Inc.,Carrier Delay,28217526,105.2281809517,3812.37,74166,51.4032036243
122,3,Delta Air Lines Inc.,NAS Delay,28217526,105.2281809517,3800.82,74166,51.2474718874
123,3,Delta Air Lines Inc.,Security Delay,28217526,105.2281809517,2.81,74166,0.037887981
124,3,Delta Air Lines Inc.,Weather Delay,28217526,105.2281809517,385.47,74166,5.1973950328
125,3,Envoy Air,Carrier Delay,662665,5,1954.96,28146,69.4578270447
126,3,Envoy Air,NAS Delay,662665,5,2042.77,28146,72.5776309245
127,3,Envoy Air,Security Delay,662665,5,23.34,28146,0.8292474952
128,3,Envoy Air,Weather Delay,662665,5,354.73,28146,12.6032118241
129,3,ExpressJet Airlines Inc.,Carrier Delay,980935,3.6580813528,3041.93,54190,56.1345266654
130,3,ExpressJet Airlines Inc.,NAS Delay,980935,3.6580813528,3294.76,54190,60.8001476287
131,3,ExpressJet Airlines Inc.,Security Delay,980935,3.6580813528,0,54190,0
132,3,ExpressJet Airlines Inc.,Weather Delay,980935,3.6580813528,128.74,54190,2.3757150766
133,3,Frontier Airlines Inc.,Carrier Delay,1194437,4.4542683427,541.03,6950,77.8460431655
134,3,Frontier Airlines Inc.,NAS Delay,1194437,4.4542683427,1035.7,6950,149.0215827338
135,3,Frontier Airlines Inc.,Security Delay,1194437,4.4542683427,0,6950,0
136,3,Frontier Airlines Inc.,Weather Delay,1194437,4.4542683427,14.14,6950,2.0345323741
137,3,Hawaiian Airlines Inc.,Carrier Delay,2010666,7.4981316818,419.43,6313,66.4390939332
138,3,Hawaiian Airlines Inc.,NAS Delay,2010666,7.4981316818,10.82,6313,1.7139236496
139,3,Hawaiian Airlines Inc.,Security Delay,2010666,7.4981316818,0.3,6313,0.0475209884
140,3,Hawaiian Airlines Inc.,Weather Delay,2010666,7.4981316818,55.91,6313,8.8563282116
141,3,JetBlue Airways,Carrier Delay,5893119,21.9764905152,1807.67,22590,80.0208056662
142,3,JetBlue Airways,NAS Delay,5893119,21.9764905152,1941.86,22590,85.96104471
143,3,JetBlue Airways,Security Delay,5893119,21.9764905152,13.17,22590,0.583001328
144,3,JetBlue Airways,Weather Delay,5893119,21.9764905152,80.49,22590,3.5630810093
145,3,SkyWest Airlines Inc.,Carrier Delay,1875495,6.9940549442,2070.36,50078,41.3427053796
146,3,SkyWest Airlines Inc.,NAS Delay,1875495,6.9940549442,2450.31,50078,48.9298694037
147,3,SkyWest Airlines Inc.,Security Delay,1875495,6.9940549442,15.87,50078,0.3169056272
148,3,SkyWest Airlines Inc.,Weather Delay,1875495,6.9940549442,182.21,50078,3.6385239027
149,3,Southwest Airlines Co.,Carrier Delay,18299147,68.2407788612,6377.75,109245,58.3802462355
150,3,Southwest Airlines Co.,NAS Delay,18299147,68.2407788612,3445.45,109245,31.5387431919
151,3,Southwest Airlines Co.,Security Delay,18299147,68.2407788612,33.46,109245,0.3062840405
152,3,Southwest Airlines Co.,Weather Delay,18299147,68.2407788612,314.44,109245,2.8783010664
153,3,Spirit Air Lines,Carrier Delay,1267124,4.7253311137,623.12,9400,66.2893617021
154,3,Spirit Air Lines,NAS Delay,1267124,4.7253311137,1024.83,9400,109.0244680851
155,3,Spirit Air Lines,Security Delay,1267124,4.7253311137,7.73,9400,0.8223404255
156,3,Spirit Air Lines,Weather Delay,1267124,4.7253311137,35.56,9400,3.7829787234
157,3,United Air Lines Inc.,Carrier Delay,26160401,97.556795383,3347.75,43603,76.7779739926
158,3,United Air Lines Inc.,NAS Delay,26160401,97.556795383,2550.47,43603,58.4929936014
159,3,United Air Lines Inc.,Security Delay,26160401,97.556795383,0,43603,0
160,3,United Air Lines Inc.,Weather Delay,26160401,97.556795383,368.72,43603,8.4562988785
161,3,US Airways Inc.,Carrier Delay,5006129,18.6687468022,1899.25,34516,55.0252057017
162,3,US Airways Inc.,NAS Delay,5006129,18.6687468022,2753.86,34516,79.7850272337
163,3,US Airways Inc.,Security Delay,5006129,18.6687468022,32.42,34516,0.9392745393
164,3,US Airways Inc.,Weather Delay,5006129,18.6687468022,99.91,34516,2.894599606
165,3,Virgin America,Carrier Delay,1340778,5,210.92,4873,43.2833983173
166,3,Virgin America,NAS Delay,1340778,5,307.18,4873,63.0371434435
167,3,Virgin America,Security Delay,1340778,5,1.19,4873,0.2442027498
168,3,Virgin America,Weather Delay,1340778,5,101.55,4873,20.8393186948
169,4,Alaska Airlines Inc.,Carrier Delay,3952024,14.7378014854,429.37,13974,30.7263489337
170,4,Alaska Airlines Inc.,NAS Delay,3952024,14.7378014854,515.12,13974,36.862745098
171,4,Alaska Airlines Inc.,Security Delay,3952024,14.7378014854,3.88,13974,0.2776585087
172,4,Alaska Airlines Inc.,Weather Delay,3952024,14.7378014854,29.16,13974,2.0867325032
173,4,American Airlines Inc.,Carrier Delay,24016489,89.5617656316,2606.51,44770,58.2200134018
174,4,American Airlines Inc.,NAS Delay,24016489,89.5617656316,2899.81,44770,64.7712754076
175,4,American Airlines Inc.,Security Delay,24016489,89.5617656316,10.98,44770,0.245253518
176,4,American Airlines Inc.,Weather Delay,24016489,89.5617656316,547.06,44770,12.2193433103
177,4,Delta Air Lines Inc.,Carrier Delay,28217526,105.2281809517,3020.87,72170,41.8576971041
178,4,Delta Air Lines Inc.,NAS Delay,28217526,105.2281809517,3304.2,72170,45.7835665789
179,4,Delta Air Lines Inc.,Security Delay,28217526,105.2281809517,4.43,72170,0.0613828461
180,4,Delta Air Lines Inc.,Weather Delay,28217526,105.2281809517,412.61,72170,5.7171955106
181,4,Envoy Air,Carrier Delay,662665,5,1204.31,25695,46.8694298502
182,4,Envoy Air,NAS Delay,662665,5,1659.69,25695,64.591943958
183,4,Envoy Air,Security Delay,662665,5,24.71,25695,0.9616656937
184,4,Envoy Air,Weather Delay,662665,5,490.98,25695,19.1079976649
185,4,ExpressJet Airlines Inc.,Carrier Delay,980935,3.6580813528,2485.69,49296,50.4237666342
186,4,ExpressJet Airlines Inc.,NAS Delay,980935,3.6580813528,3052.48,49296,61.9214540734
187,4,ExpressJet Airlines Inc.,Security Delay,980935,3.6580813528,0,49296,0
188,4,ExpressJet Airlines Inc.,Weather Delay,980935,3.6580813528,110.54,49296,2.2423726063
189,4,Frontier Airlines Inc.,Carrier Delay,1194437,4.4542683427,382.78,7148,53.5506435367
190,4,Frontier Airlines Inc.,NAS Delay,1194437,4.4542683427,1057.41,7148,147.9308897594
191,4,Frontier Airlines Inc.,Security Delay,1194437,4.4542683427,0,7148,0
192,4,Frontier Airlines Inc.,Weather Delay,1194437,4.4542683427,10.18,7148,1.4241745943
193,4,Hawaiian Airlines Inc.,Carrier Delay,2010666,7.4981316818,283.24,6093,46.4861316265
194,4,Hawaiian Airlines Inc.,NAS Delay,2010666,7.4981316818,6.08,6093,0.9978664041
195,4,Hawaiian Airlines Inc.,Security Delay,2010666,7.4981316818,0,6093,0
196,4,Hawaiian Airlines Inc.,Weather Delay,2010666,7.4981316818,15.23,6093,2.4995896931
197,4,JetBlue Airways,Carrier Delay,5893119,21.9764905152,1238.14,22020,56.2279745686
198,4,JetBlue Airways,NAS Delay,5893119,21.9764905152,1450.27,22020,65.861489555
199,4,JetBlue Airways,Security Delay,5893119,21.9764905152,9.59,22020,0.4355131698
200,4,JetBlue Airways,Weather Delay,5893119,21.9764905152,64.88,22020,2.9464123524
201,4,SkyWest Airlines Inc.,Carrier Delay,1875495,6.9940549442,1981.67,49329,40.1725151534
202,4,SkyWest Airlines Inc.,NAS Delay,1875495,6.9940549442,2262.41,49329,45.8636907296
203,4,SkyWest Airlines Inc.,Security Delay,1875495,6.9940549442,10.03,49329,0.2033286708
204,4,SkyWest Airlines Inc.,Weather Delay,1875495,6.9940549442,136.64,49329,2.7699730382
205,4,Southwest Airlines Co.,Carrier Delay,18299147,68.2407788612,5526.02,106407,51.9328615599
206,4,Southwest Airlines Co.,NAS Delay,18299147,68.2407788612,3582.08,106407,33.6639506799
207,4,Southwest Airlines Co.,Security Delay,18299147,68.2407788612,10.49,106407,0.0985837398
208,4,Southwest Airlines Co.,Weather Delay,18299147,68.2407788612,493.57,106407,4.6385106243
209,4,Spirit Air Lines,Carrier Delay,1267124,4.7253311137,510.83,9496,53.7942291491
210,4,Spirit Air Lines,NAS Delay,1267124,4.7253311137,1198.9,9496,126.2531592249
211,4,Spirit Air Lines,Security Delay,1267124,4.7253311137,6.19,9496,0.651853412
212,4,Spirit Air Lines,Weather Delay,1267124,4.7253311137,42.72,9496,4.49873631
213,4,United Air Lines Inc.,Carrier Delay,26160401,97.556795383,3032.7,41342,73.3563930144
214,4,United Air Lines Inc.,NAS Delay,26160401,97.556795383,2260.86,41342,54.6867592279
215,4,United Air Lines Inc.,Security Delay,26160401,97.556795383,0,41342,0
216,4,United Air Lines Inc.,Weather Delay,26160401,97.556795383,206.56,41342,4.9963717285
217,4,US Airways Inc.,Carrier Delay,5006129,18.6687468022,1832.13,32496,56.3801698671
218,4,US Airways Inc.,NAS Delay,5006129,18.6687468022,2513.85,32496,77.3587518464
219,4,US Airways Inc.,Security Delay,5006129,18.6687468022,15.36,32496,0.4726735598
220,4,US Airways Inc.,Weather Delay,5006129,18.6687468022,69.78,32496,2.1473412112
221,4,Virgin America,Carrier Delay,1340778,5,148.74,4915,30.2624618515
222,4,Virgin America,NAS Delay,1340778,5,237.8,4915,48.3825025432
223,4,Virgin America,Security Delay,1340778,5,1,4915,0.2034587996
224,4,Virgin America,Weather Delay,1340778,5,143.07,4915,29.1088504578
225,5,Alaska Airlines Inc.,Carrier Delay,3952024,14.7378014854,420.41,14682,28.6343822368
226,5,Alaska Airlines Inc.,NAS Delay,3952024,14.7378014854,736.59,14682,50.169595423
227,5,Alaska Airlines Inc.,Security Delay,3952024,14.7378014854,10.87,14682,0.7403623485
228,5,Alaska Airlines Inc.,Weather Delay,3952024,14.7378014854,19.91,14682,1.3560822776
229,5,American Airlines Inc.,Carrier Delay,24016489,89.5617656316,2518.41,44710,56.3276671885
230,5,American Airlines Inc.,NAS Delay,24016489,89.5617656316,2701,44710,60.4115410423
231,5,American Airlines Inc.,Security Delay,24016489,89.5617656316,9.99,44710,0.2234399463
232,5,American Airlines Inc.,Weather Delay,24016489,89.5617656316,621.22,44710,13.8944307761
233,5,Delta Air Lines Inc.,Carrier Delay,28217526,105.2281809517,3066.81,74815,40.9919133864
234,5,Delta Air Lines Inc.,NAS Delay,28217526,105.2281809517,3036.09,74815,40.5813005413
235,5,Delta Air Lines Inc.,Security Delay,28217526,105.2281809517,4.89,74815,0.0653612244
236,5,Delta Air Lines Inc.,Weather Delay,28217526,105.2281809517,494.74,74815,6.6128450177
237,5,Envoy Air,Carrier Delay,662665,5,1214.49,25431,47.7562817034
238,5,Envoy Air,NAS Delay,662665,5,1493.41,25431,58.7239982698
239,5,Envoy Air,Security Delay,662665,5,18.21,25431,0.7160552082
240,5,Envoy Air,Weather Delay,662665,5,486.03,25431,19.1117140498
241,5,ExpressJet Airlines Inc.,Carrier Delay,980935,3.6580813528,2620.84,49213,53.2550342389
242,5,ExpressJet Airlines Inc.,NAS Delay,980935,3.6580813528,3257.95,49213,66.2010037998
243,5,ExpressJet Airlines Inc.,Security Delay,980935,3.6580813528,0,49213,0
244,5,ExpressJet Airlines Inc.,Weather Delay,980935,3.6580813528,202.89,49213,4.1226911588
245,5,Frontier Airlines Inc.,Carrier Delay,1194437,4.4542683427,442.61,8118,54.522049766
246,5,Frontier Airlines Inc.,NAS Delay,1194437,4.4542683427,1117.2,8118,137.6201034738
247,5,Frontier Airlines Inc.,Security Delay,1194437,4.4542683427,0,8118,0
248,5,Frontier Airlines Inc.,Weather Delay,1194437,4.4542683427,11,8118,1.3550135501
249,5,Hawaiian Airlines Inc.,Carrier Delay,2010666,7.4981316818,357.22,6434,55.520671433
250,5,Hawaiian Airlines Inc.,NAS Delay,2010666,7.4981316818,17.06,6434,2.6515387007
251,5,Hawaiian Airlines Inc.,Security Delay,2010666,7.4981316818,0,6434,0
252,5,Hawaiian Airlines Inc.,Weather Delay,2010666,7.4981316818,8.61,6434,1.338203295
253,5,JetBlue Airways,Carrier Delay,5893119,21.9764905152,1070.28,22565,47.430977177
254,5,JetBlue Airways,NAS Delay,5893119,21.9764905152,1155.61,22565,51.2124972302
255,5,JetBlue Airways,Security Delay,5893119,21.9764905152,10.73,22565,0.4755151784
256,5,JetBlue Airways,Weather Delay,5893119,21.9764905152,81.59,22565,3.6157766452
257,5,SkyWest Airlines Inc.,Carrier Delay,1875495,6.9940549442,2096.99,49864,42.0541873897
258,5,SkyWest Airlines Inc.,NAS Delay,1875495,6.9940549442,2499.86,49864,50.1335632922
259,5,SkyWest Airlines Inc.,Security Delay,1875495,6.9940549442,15.58,49864,0.3124498636
260,5,SkyWest Airlines Inc.,Weather Delay,1875495,6.9940549442,180.42,49864,3.6182416172
261,5,Southwest Airlines Co.,Carrier Delay,18299147,68.2407788612,6595.97,107702,61.2427810069
262,5,Southwest Airlines Co.,NAS Delay,18299147,68.2407788612,3649.62,107702,33.8862788063
263,5,Southwest Airlines Co.,Security Delay,18299147,68.2407788612,25.16,107702,0.2336075467
264,5,Southwest Airlines Co.,Weather Delay,18299147,68.2407788612,805.65,107702,7.4803624817
265,5,Spirit Air Lines,Carrier Delay,1267124,4.7253311137,904.69,10051,90.0099492588
266,5,Spirit Air Lines,NAS Delay,1267124,4.7253311137,1418.41,10051,141.1212814645
267,5,Spirit Air Lines,Security Delay,1267124,4.7253311137,13.97,10051,1.3899114516
268,5,Spirit Air Lines,Weather Delay,1267124,4.7253311137,85.04,10051,8.4608496667
269,5,United Air Lines Inc.,Carrier Delay,26160401,97.556795383,3313.35,44411,74.6065164036
270,5,United Air Lines Inc.,NAS Delay,26160401,97.556795383,2939.98,44411,66.1993650222
271,5,United Air Lines Inc.,Security Delay,26160401,97.556795383,7.88,44411,0.1774335187
272,5,United Air Lines Inc.,Weather Delay,26160401,97.556795383,426.27,44411,9.598297719
273,5,US Airways Inc.,Carrier Delay,5006129,18.6687468022,1573.48,33761,46.6064393827
274,5,US Airways Inc.,NAS Delay,5006129,18.6687468022,2063.76,33761,61.1285210746
275,5,US Airways Inc.,Security Delay,5006129,18.6687468022,22.7,33761,0.6723734487
276,5,US Airways Inc.,Weather Delay,5006129,18.6687468022,106.2,33761,3.1456414206
277,5,Virgin America,Carrier Delay,1340778,5,192.75,5236,36.8124522536
278,5,Virgin America,NAS Delay,1340778,5,468.58,5236,89.4919786096
279,5,Virgin America,Security Delay,1340778,5,2.5,5236,0.4774637128
280,5,Virgin America,Weather Delay,1340778,5,109.5,5236,20.9129106188
281,6,Alaska Airlines Inc.,Carrier Delay,3952024,14.7378014854,573.31,15075,38.0305140962
282,6,Alaska Airlines Inc.,NAS Delay,3952024,14.7378014854,571.08,15075,37.8825870647
283,6,Alaska Airlines Inc.,Security Delay,3952024,14.7378014854,10.2,15075,0.6766169154
284,6,Alaska Airlines Inc.,Weather Delay,3952024,14.7378014854,49.33,15075,3.272305141
285,6,American Airlines Inc.,Carrier Delay,24016489,89.5617656316,3018.67,44360,68.0493688007
286,6,American Airlines Inc.,NAS Delay,24016489,89.5617656316,2859.18,44360,64.454012624
287,6,American Airlines Inc.,Security Delay,24016489,89.5617656316,14.52,44360,0.3273219116
288,6,American Airlines Inc.,Weather Delay,24016489,89.5617656316,450.16,44360,10.1478809739
289,6,Delta Air Lines Inc.,Carrier Delay,28217526,105.2281809517,4071.82,77255,52.7062326063
290,6,Delta Air Lines Inc.,NAS Delay,28217526,105.2281809517,4392.43,77255,56.8562552586
291,6,Delta Air Lines Inc.,Security Delay,28217526,105.2281809517,5.4,77255,0.0698983885
292,6,Delta Air Lines Inc.,Weather Delay,28217526,105.2281809517,787.74,77255,10.1966215779
293,6,Envoy Air,Carrier Delay,662665,5,1647.09,25407,64.8281969536
294,6,Envoy Air,NAS Delay,662665,5,1869.11,25407,73.5667335774
295,6,Envoy Air,Security Delay,662665,5,21.07,25407,0.8292990121
296,6,Envoy Air,Weather Delay,662665,5,367.52,25407,14.4653048372
297,6,ExpressJet Airlines Inc.,Carrier Delay,980935,3.6580813528,3505.36,49119,71.3646450457
298,6,ExpressJet Airlines Inc.,NAS Delay,980935,3.6580813528,3973.77,49119,80.9008733891
299,6,ExpressJet Airlines Inc.,Security Delay,980935,3.6580813528,0,49119,0
300,6,ExpressJet Airlines Inc.,Weather Delay,980935,3.6580813528,215.69,49119,4.3911724587
301,6,Frontier Airlines Inc.,Carrier Delay,1194437,4.4542683427,506.62,7893,64.1859875839
302,6,Frontier Airlines Inc.,NAS Delay,1194437,4.4542683427,1156.9,7893,146.5729127075
303,6,Frontier Airlines Inc.,Security Delay,1194437,4.4542683427,0,7893,0
304,6,Frontier Airlines Inc.,Weather Delay,1194437,4.4542683427,27.37,7893,3.4676295452
305,6,Hawaiian Airlines Inc.,Carrier Delay,2010666,7.4981316818,441.06,6677,66.056612251
306,6,Hawaiian Airlines Inc.,NAS Delay,2010666,7.4981316818,7.88,6677,1.1801707354
307,6,Hawaiian Airlines Inc.,Security Delay,2010666,7.4981316818,1.08,6677,0.1617492886
308,6,Hawaiian Airlines Inc.,Weather Delay,2010666,7.4981316818,1.98,6677,0.2965403624
309,6,JetBlue Airways,Carrier Delay,5893119,21.9764905152,1277.18,22558,56.617607944
310,6,JetBlue Airways,NAS Delay,5893119,21.9764905152,1677.82,22558,74.3780476993
311,6,JetBlue Airways,Security Delay,5893119,21.9764905152,8.71,22558,0.3861157904
312,6,JetBlue Airways,Weather Delay,5893119,21.9764905152,125.02,22558,5.5421579927
313,6,SkyWest Airlines Inc.,Carrier Delay,1875495,6.9940549442,2717.62,50307,54.0207128233
314,6,SkyWest Airlines Inc.,NAS Delay,1875495,6.9940549442,2739.19,50307,54.4494801916
315,6,SkyWest Airlines Inc.,Security Delay,1875495,6.9940549442,22.48,50307,0.4468563023
316,6,SkyWest Airlines Inc.,Weather Delay,1875495,6.9940549442,336.59,50307,6.6907189854
317,6,Southwest Airlines Co.,Carrier Delay,18299147,68.2407788612,8783.44,109776,80.0123888646
318,6,Southwest Airlines Co.,NAS Delay,18299147,68.2407788612,4217.75,109776,38.4214218044
319,6,Southwest Airlines Co.,Security Delay,18299147,68.2407788612,26.39,109776,0.2403986299
320,6,Southwest Airlines Co.,Weather Delay,18299147,68.2407788612,1068.93,109776,9.7373742895
321,6,Spirit Air Lines,Carrier Delay,1267124,4.7253311137,1175.88,9826,119.6702625687
322,6,Spirit Air Lines,NAS Delay,1267124,4.7253311137,1663.33,9826,169.278444942
323,6,Spirit Air Lines,Security Delay,1267124,4.7253311137,18.56,9826,1.8888662732
324,6,Spirit Air Lines,Weather Delay,1267124,4.7253311137,62.26,9826,6.3362507633
325,6,United Air Lines Inc.,Carrier Delay,26160401,97.556795383,5007.82,46084,108.6672163875
326,6,United Air Lines Inc.,NAS Delay,26160401,97.556795383,3462.7,46084,75.1388768336
327,6,United Air Lines Inc.,Security Delay,26160401,97.556795383,0,46084,0
328,6,United Air Lines Inc.,Weather Delay,26160401,97.556795383,534.6,46084,11.6005555073
329,6,US Airways Inc.,Carrier Delay,5006129,18.6687468022,2174.3,34300,63.3906705539
330,6,US Airways Inc.,NAS Delay,5006129,18.6687468022,2782.58,34300,81.1247813411
331,6,US Airways Inc.,Security Delay,5006129,18.6687468022,38.82,34300,1.1317784257
332,6,US Airways Inc.,Weather Delay,5006129,18.6687468022,231.63,34300,6.7530612245
333,6,Virgin America,Carrier Delay,1340778,5,227.96,5260,43.3384030418
334,6,Virgin America,NAS Delay,1340778,5,318.09,5260,60.4733840304
335,6,Virgin America,Security Delay,1340778,5,1.49,5260,0.283269962
336,6,Virgin America,Weather Delay,1340778,5,103.46,5260,19.6692015209
337,7,Alaska Airlines Inc.,Carrier Delay,3952024,14.7378014854,591.11,15821,37.3623664749
338,7,Alaska Airlines Inc.,NAS Delay,3952024,14.7378014854,822.49,15821,51.9872321598
339,7,Alaska Airlines Inc.,Security Delay,3952024,14.7378014854,16.08,15821,1.0163706466
340,7,Alaska Airlines Inc.,Weather Delay,3952024,14.7378014854,29.89,15821,1.8892611087
341,7,American Airlines Inc.,Carrier Delay,24016489,89.5617656316,4942.78,81434,60.6967605668
342,7,American Airlines Inc.,NAS Delay,24016489,89.5617656316,4826.62,81434,59.2703293465
343,7,American Airlines Inc.,Security Delay,24016489,89.5617656316,42.04,81434,0.5162462853
344,7,American Airlines Inc.,Weather Delay,24016489,89.5617656316,510.23,81434,6.2655647518
345,7,Delta Air Lines Inc.,Carrier Delay,28217526,105.2281809517,3802.34,80741,47.0930506186
346,7,Delta Air Lines Inc.,NAS Delay,28217526,105.2281809517,4136.44,80741,51.2309731116
347,7,Delta Air Lines Inc.,Security Delay,28217526,105.2281809517,6.11,80741,0.0756740689
348,7,Delta Air Lines Inc.,Weather Delay,28217526,105.2281809517,672.17,80741,8.3250145527
349,7,Envoy Air,Carrier Delay,662665,5,1270.43,24750,51.3305050505
350,7,Envoy Air,NAS Delay,662665,5,1382.18,24750,55.8456565657
351,7,Envoy Air,Security Delay,662665,5,10.26,24750,0.4145454545
352,7,Envoy Air,Weather Delay,662665,5,249.64,24750,10.0864646465
353,7,ExpressJet Airlines Inc.,Carrier Delay,980935,3.6580813528,2805.64,50381,55.6884539807
354,7,ExpressJet Airlines Inc.,NAS Delay,980935,3.6580813528,3095.81,50381,61.4479664953
355,7,ExpressJet Airlines Inc.,Security Delay,980935,3.6580813528,0,50381,0
356,7,ExpressJet Airlines Inc.,Weather Delay,980935,3.6580813528,100.76,50381,1.9999603025
357,7,Frontier Airlines Inc.,Carrier Delay,1194437,4.4542683427,474.19,8090,58.6143386897
358,7,Frontier Airlines Inc.,NAS Delay,1194437,4.4542683427,1150.9,8090,142.2620519159
359,7,Frontier Airlines Inc.,Security Delay,1194437,4.4542683427,0,8090,0
360,7,Frontier Airlines Inc.,Weather Delay,1194437,4.4542683427,24.68,8090,3.0506798517
361,7,Hawaiian Airlines Inc.,Carrier Delay,2010666,7.4981316818,422.49,6955,60.7462257369
362,7,Hawaiian Airlines Inc.,NAS Delay,2010666,7.4981316818,17.14,6955,2.4644140906
363,7,Hawaiian Airlines Inc.,Security Delay,2010666,7.4981316818,1.4,6955,0.2012940331
364,7,Hawaiian Airlines Inc.,Weather Delay,2010666,7.4981316818,17.92,6955,2.5765636233
365,7,JetBlue Airways,Carrier Delay,5893119,21.9764905152,1553.12,24029,64.6352324275
366,7,JetBlue Airways,NAS Delay,5893119,21.9764905152,1705.06,24029,70.9584252362
367,7,JetBlue Airways,Security Delay,5893119,21.9764905152,13.49,24029,0.561404969
368,7,JetBlue Airways,Weather Delay,5893119,21.9764905152,141.57,24029,5.8916309459
369,7,SkyWest Airlines Inc.,Carrier Delay,1875495,6.9940549442,2677.16,52627,50.8704657305
370,7,SkyWest Airlines Inc.,NAS Delay,1875495,6.9940549442,2748.49,52627,52.2258536493
371,7,SkyWest Airlines Inc.,Security Delay,1875495,6.9940549442,20.31,52627,0.3859235754
372,7,SkyWest Airlines Inc.,Weather Delay,1875495,6.9940549442,238.04,52627,4.5231535144
373,7,Southwest Airlines Co.,Carrier Delay,18299147,68.2407788612,8805.22,113650,77.4766388033
374,7,Southwest Airlines Co.,NAS Delay,18299147,68.2407788612,4601.71,113650,40.4901891773
375,7,Southwest Airlines Co.,Security Delay,18299147,68.2407788612,37.42,113650,0.3292564892
376,7,Southwest Airlines Co.,Weather Delay,18299147,68.2407788612,797.06,113650,7.0132864056
377,7,Spirit Air Lines,Carrier Delay,1267124,4.7253311137,755.32,10351,72.9707274659
378,7,Spirit Air Lines,NAS Delay,1267124,4.7253311137,1333.51,10351,128.8290986378
379,7,Spirit Air Lines,Security Delay,1267124,4.7253311137,31.32,10351,3.0257946092
380,7,Spirit Air Lines,Weather Delay,1267124,4.7253311137,47.06,10351,4.5464206357
381,7,United Air Lines Inc.,Carrier Delay,26160401,97.556795383,4334.6,46478,93.2613279401
382,7,United Air Lines Inc.,NAS Delay,26160401,97.556795383,2771.17,46478,59.6232626189
383,7,United Air Lines Inc.,Security Delay,26160401,97.556795383,0,46478,0
384,7,United Air Lines Inc.,Weather Delay,26160401,97.556795383,340.6,46478,7.3281982874
385,7,Virgin America,Carrier Delay,1340778,5,229.87,5411,42.4819811495
386,7,Virgin America,NAS Delay,1340778,5,476.62,5411,88.0835335428
387,7,Virgin America,Security Delay,1340778,5,4.36,5411,0.8057660322
388,7,Virgin America,Weather Delay,1340778,5,76.92,5411,14.215486971
389,8,Alaska Airlines Inc.,Carrier Delay,3952024,14.7378014854,652.22,16095,40.5231438335
390,8,Alaska Airlines Inc.,NAS Delay,3952024,14.7378014854,1173.64,16095,72.9195402299
391,8,Alaska Airlines Inc.,Security Delay,3952024,14.7378014854,33.43,16095,2.0770425598
392,8,Alaska Airlines Inc.,Weather Delay,3952024,14.7378014854,74.19,16095,4.6095060578
393,8,American Airlines Inc.,Carrier Delay,24016489,89.5617656316,4877.25,79748,61.1582735617
394,8,American Airlines Inc.,NAS Delay,24016489,89.5617656316,4456.39,79748,55.8808998345
395,8,American Airlines Inc.,Security Delay,24016489,89.5617656316,62.46,79748,0.783217134
396,8,American Airlines Inc.,Weather Delay,24016489,89.5617656316,573.58,79748,7.1924060791
397,8,Delta Air Lines Inc.,Carrier Delay,28217526,105.2281809517,3632.6,80947,44.8762770702
398,8,Delta Air Lines Inc.,NAS Delay,28217526,105.2281809517,3621.22,80947,44.7356912548
399,8,Delta Air Lines Inc.,Security Delay,28217526,105.2281809517,4.19,80947,0.0517622642
400,8,Delta Air Lines Inc.,Weather Delay,28217526,105.2281809517,725.33,80947,8.9605544369
401,8,Envoy Air,Carrier Delay,662665,5,1264.88,23881,52.9659561995
402,8,Envoy Air,NAS Delay,662665,5,990.19,23881,41.4635065533
403,8,Envoy Air,Security Delay,662665,5,4.89,23881,0.2047652946
404,8,Envoy Air,Weather Delay,662665,5,190.95,23881,7.9958963192
405,8,ExpressJet Airlines Inc.,Carrier Delay,980935,3.6580813528,2499.88,48554,51.4865922478
406,8,ExpressJet Airlines Inc.,NAS Delay,980935,3.6580813528,2658.3,48554,54.7493512378
407,8,ExpressJet Airlines Inc.,Security Delay,980935,3.6580813528,0,48554,0
408,8,ExpressJet Airlines Inc.,Weather Delay,980935,3.6580813528,117.92,48554,2.4286361577
409,8,Frontier Airlines Inc.,Carrier Delay,1194437,4.4542683427,378.03,8142,46.429624171
410,8,Frontier Airlines Inc.,NAS Delay,1194437,4.4542683427,936.54,8142,115.0257921887
411,8,Frontier Airlines Inc.,Security Delay,1194437,4.4542683427,0,8142,0
412,8,Frontier Airlines Inc.,Weather Delay,1194437,4.4542683427,26.81,8142,3.2928027512
413,8,Hawaiian Airlines Inc.,Carrier Delay,2010666,7.4981316818,607.14,6901,87.9785538328
414,8,Hawaiian Airlines Inc.,NAS Delay,2010666,7.4981316818,23.66,6901,3.4284886248
415,8,Hawaiian Airlines Inc.,Security Delay,2010666,7.4981316818,2.35,6901,0.3405303579
416,8,Hawaiian Airlines Inc.,Weather Delay,2010666,7.4981316818,25.62,6901,3.712505434
417,8,JetBlue Airways,Carrier Delay,5893119,21.9764905152,1794.41,23826,75.3131033325
418,8,JetBlue Airways,NAS Delay,5893119,21.9764905152,1626.83,23826,68.2796105095
419,8,JetBlue Airways,Security Delay,5893119,21.9764905152,62.04,23826,2.6038781163
420,8,JetBlue Airways,Weather Delay,5893119,21.9764905152,192.34,23826,8.072693696
421,8,SkyWest Airlines Inc.,Carrier Delay,1875495,6.9940549442,2585.15,52730,49.0261710601
422,8,SkyWest Airlines Inc.,NAS Delay,1875495,6.9940549442,2673.04,52730,50.692964157
423,8,SkyWest Airlines Inc.,Security Delay,1875495,6.9940549442,27.7,52730,0.525317656
424,8,SkyWest Airlines Inc.,Weather Delay,1875495,6.9940549442,241.22,52730,4.5746254504
425,8,Southwest Airlines Co.,Carrier Delay,18299147,68.2407788612,6484.37,108179,59.9411161131
426,8,Southwest Airlines Co.,NAS Delay,18299147,68.2407788612,3738.3,108179,34.5566145
427,8,Southwest Airlines Co.,Security Delay,18299147,68.2407788612,30.98,108179,0.2863772081
428,8,Southwest Airlines Co.,Weather Delay,18299147,68.2407788612,823.99,108179,7.6169127095
429,8,Spirit Air Lines,Carrier Delay,1267124,4.7253311137,745.57,10432,71.4695168712
430,8,Spirit Air Lines,NAS Delay,1267124,4.7253311137,1888.19,10432,180.9998082822
431,8,Spirit Air Lines,Security Delay,1267124,4.7253311137,8.29,10432,0.7946702454
432,8,Spirit Air Lines,Weather Delay,1267124,4.7253311137,40.56,10432,3.8880368098
433,8,United Air Lines Inc.,Carrier Delay,26160401,97.556795383,3310.96,45413,72.9077576905
434,8,United Air Lines Inc.,NAS Delay,26160401,97.556795383,2432.55,45413,53.5650584634
435,8,United Air Lines Inc.,Security Delay,26160401,97.556795383,11.83,45413,0.2604980953
436,8,United Air Lines Inc.,Weather Delay,26160401,97.556795383,370.61,45413,8.1608790434
437,8,Virgin America,Carrier Delay,1340778,5,211.32,5688,37.1518987342
438,8,Virgin America,NAS Delay,1340778,5,386.63,5688,67.9729254571
439,8,Virgin America,Security Delay,1340778,5,4.76,5688,0.8368495077
440,8,Virgin America,Weather Delay,1340778,5,50.17,5688,8.820323488
441,9,Alaska Airlines Inc.,Carrier Delay,3952024,14.7378014854,467.51,14271,32.7594422255
442,9,Alaska Airlines Inc.,NAS Delay,3952024,14.7378014854,643.6,14271,45.0984514049
443,9,Alaska Airlines Inc.,Security Delay,3952024,14.7378014854,36.92,14271,2.5870646766
444,9,Alaska Airlines Inc.,Weather Delay,3952024,14.7378014854,27.29,14271,1.9122696377
445,9,American Airlines Inc.,Carrier Delay,24016489,89.5617656316,3484.66,73379,47.4885185135
446,9,American Airlines Inc.,NAS Delay,24016489,89.5617656316,3483.43,73379,47.4717562245
447,9,American Airlines Inc.,Security Delay,24016489,89.5617656316,30.19,73379,0.4114256122
448,9,American Airlines Inc.,Weather Delay,24016489,89.5617656316,388.78,73379,5.2982460922
449,9,Delta Air Lines Inc.,Carrier Delay,28217526,105.2281809517,2275.67,72063,31.5788962436
450,9,Delta Air Lines Inc.,NAS Delay,28217526,105.2281809517,2473.68,72063,34.3266308647
451,9,Delta Air Lines Inc.,Security Delay,28217526,105.2281809517,2,72063,0.0277534935
452,9,Delta Air Lines Inc.,Weather Delay,28217526,105.2281809517,328.94,72063,4.5646170712
453,9,Envoy Air,Carrier Delay,662665,5,869.23,21202,40.9975474012
454,9,Envoy Air,NAS Delay,662665,5,900.34,21202,42.4648618055
455,9,Envoy Air,Security Delay,662665,5,8.83,21202,0.4164701443
456,9,Envoy Air,Weather Delay,662665,5,154.76,21202,7.2993113857
457,9,ExpressJet Airlines Inc.,Carrier Delay,980935,3.6580813528,1769.01,43721,40.4613343702
458,9,ExpressJet Airlines Inc.,NAS Delay,980935,3.6580813528,2147.94,43721,49.1283364973
459,9,ExpressJet Airlines Inc.,Security Delay,980935,3.6580813528,0,43721,0
460,9,ExpressJet Airlines Inc.,Weather Delay,980935,3.6580813528,66.28,43721,1.5159763043
461,9,Frontier Airlines Inc.,Carrier Delay,1194437,4.4542683427,270.8,7873,34.3960370888
462,9,Frontier Airlines Inc.,NAS Delay,1194437,4.4542683427,493.47,7873,62.678775562
463,9,Frontier Airlines Inc.,Security Delay,1194437,4.4542683427,0,7873,0
464,9,Frontier Airlines Inc.,Weather Delay,1194437,4.4542683427,12.34,7873,1.5673821923
465,9,Hawaiian Airlines Inc.,Carrier Delay,2010666,7.4981316818,425.58,6154,69.1550211245
466,9,Hawaiian Airlines Inc.,NAS Delay,2010666,7.4981316818,13.49,6154,2.1920701982
467,9,Hawaiian Airlines Inc.,Security Delay,2010666,7.4981316818,1.12,6154,0.1819954501
468,9,Hawaiian Airlines Inc.,Weather Delay,2010666,7.4981316818,76.44,6154,12.4211894703
469,9,JetBlue Airways,Carrier Delay,5893119,21.9764905152,1253.3,21133,59.3053518194
470,9,JetBlue Airways,NAS Delay,5893119,21.9764905152,1475.96,21133,69.8414801495
471,9,JetBlue Airways,Security Delay,5893119,21.9764905152,12.74,21133,0.6028486254
472,9,JetBlue Airways,Weather Delay,5893119,21.9764905152,118.79,21133,5.6210665783
473,9,SkyWest Airlines Inc.,Carrier Delay,1875495,6.9940549442,1779.06,47625,37.3555905512
474,9,SkyWest Airlines Inc.,NAS Delay,1875495,6.9940549442,2031.46,47625,42.655328084
475,9,SkyWest Airlines Inc.,Security Delay,1875495,6.9940549442,13.24,47625,0.2780052493
476,9,SkyWest Airlines Inc.,Weather Delay,1875495,6.9940549442,151.17,47625,3.1741732283
477,9,Southwest Airlines Co.,Carrier Delay,18299147,68.2407788612,3697.99,100645,36.7429082418
478,9,Southwest Airlines Co.,NAS Delay,18299147,68.2407788612,2564.63,100645,25.4819414775
479,9,Southwest Airlines Co.,Security Delay,18299147,68.2407788612,32.84,100645,0.3262953947
480,9,Southwest Airlines Co.,Weather Delay,18299147,68.2407788612,434.61,100645,4.3182473049
481,9,Spirit Air Lines,Carrier Delay,1267124,4.7253311137,591.11,9948,59.4199839164
482,9,Spirit Air Lines,NAS Delay,1267124,4.7253311137,1021.68,9948,102.7020506635
483,9,Spirit Air Lines,Security Delay,1267124,4.7253311137,6.16,9948,0.6192199437
484,9,Spirit Air Lines,Weather Delay,1267124,4.7253311137,37.12,9948,3.7314032971
485,9,United Air Lines Inc.,Carrier Delay,26160401,97.556795383,2012.79,41778,48.1782277754
486,9,United Air Lines Inc.,NAS Delay,26160401,97.556795383,1838.87,41778,44.0152711954
487,9,United Air Lines Inc.,Security Delay,26160401,97.556795383,2,41778,0.0478720858
488,9,United Air Lines Inc.,Weather Delay,26160401,97.556795383,158.86,41778,3.802479774
489,9,Virgin America,Carrier Delay,1340778,5,147.55,5154,28.628249903
490,9,Virgin America,NAS Delay,1340778,5,243.8,5154,47.3030655801
491,9,Virgin America,Security Delay,1340778,5,2.27,5154,0.4404346139
492,9,Virgin America,Weather Delay,1340778,5,66.16,5154,12.8366317423
493,10,Alaska Airlines Inc.,Carrier Delay,3952024,14.7378014854,414.33,14467,28.6396626806
494,10,Alaska Airlines Inc.,NAS Delay,3952024,14.7378014854,757.02,14467,52.3273657289
495,10,Alaska Airlines Inc.,Security Delay,3952024,14.7378014854,8.37,14467,0.5785580977
496,10,Alaska Airlines Inc.,Weather Delay,3952024,14.7378014854,37.46,14467,2.5893412594
497,10,American Airlines Inc.,Carrier Delay,24016489,89.5617656316,3571.21,77290,46.2053305732
498,10,American Airlines Inc.,NAS Delay,24016489,89.5617656316,3578.04,77290,46.2936990555
499,10,American Airlines Inc.,Security Delay,24016489,89.5617656316,31.85,77290,0.4120843576
500,10,American Airlines Inc.,Weather Delay,24016489,89.5617656316,312.64,77290,4.0450252297
501,10,Delta Air Lines Inc.,Carrier Delay,28217526,105.2281809517,2426.38,75552,32.1153642524
502,10,Delta Air Lines Inc.,NAS Delay,28217526,105.2281809517,1977.39,75552,26.1725698856
503,10,Delta Air Lines Inc.,Security Delay,28217526,105.2281809517,3,75552,0.039707751
504,10,Delta Air Lines Inc.,Weather Delay,28217526,105.2281809517,72.75,75552,0.9629129606
505,10,Envoy Air,Carrier Delay,662665,5,734.89,21982,33.4314439087
506,10,Envoy Air,NAS Delay,662665,5,632.02,21982,28.7517059412
507,10,Envoy Air,Security Delay,662665,5,5.24,21982,0.2383768538
508,10,Envoy Air,Weather Delay,662665,5,124.92,21982,5.6828314075
509,10,ExpressJet Airlines Inc.,Carrier Delay,980935,3.6580813528,2027.9,45728,44.3470083975
510,10,ExpressJet Airlines Inc.,NAS Delay,980935,3.6580813528,2370.62,45728,51.841759972
511,10,ExpressJet Airlines Inc.,Security Delay,980935,3.6580813528,0,45728,0
512,10,ExpressJet Airlines Inc.,Weather Delay,980935,3.6580813528,42,45728,0.9184744577
513,10,Frontier Airlines Inc.,Carrier Delay,1194437,4.4542683427,311.2,8101,38.4150104925
514,10,Frontier Airlines Inc.,NAS Delay,1194437,4.4542683427,515.44,8101,63.6267127515
515,10,Frontier Airlines Inc.,Security Delay,1194437,4.4542683427,0,8101,0
516,10,Frontier Airlines Inc.,Weather Delay,1194437,4.4542683427,2.83,8101,0.3493395877
517,10,Hawaiian Airlines Inc.,Carrier Delay,2010666,7.4981316818,330.01,6242,52.869272669
518,10,Hawaiian Airlines Inc.,NAS Delay,2010666,7.4981316818,12.22,6242,1.9577058635
519,10,Hawaiian Airlines Inc.,Security Delay,2010666,7.4981316818,1.35,6242,0.2162768343
520,10,Hawaiian Airlines Inc.,Weather Delay,2010666,7.4981316818,9.44,6242,1.5123357898
521,10,JetBlue Airways,Carrier Delay,5893119,21.9764905152,1471.85,21913,67.1678912061
522,10,JetBlue Airways,NAS Delay,5893119,21.9764905152,1304.99,21913,59.5532332405
523,10,JetBlue Airways,Security Delay,5893119,21.9764905152,6.77,21913,0.3089490257
524,10,JetBlue Airways,Weather Delay,5893119,21.9764905152,48.21,21913,2.200063889
525,10,SkyWest Airlines Inc.,Carrier Delay,1875495,6.9940549442,1803.88,48808,36.9586952959
526,10,SkyWest Airlines Inc.,NAS Delay,1875495,6.9940549442,2150.5,48808,44.0603999344
527,10,SkyWest Airlines Inc.,Security Delay,1875495,6.9940549442,11.18,48808,0.2290608097
528,10,SkyWest Airlines Inc.,Weather Delay,1875495,6.9940549442,94.74,48808,1.9410752336
529,10,Southwest Airlines Co.,Carrier Delay,18299147,68.2407788612,4100.25,104516,39.2308354702
530,10,Southwest Airlines Co.,NAS Delay,18299147,68.2407788612,2599.01,104516,24.8671016878
531,10,Southwest Airlines Co.,Security Delay,18299147,68.2407788612,10.49,104516,0.1003674079
532,10,Southwest Airlines Co.,Weather Delay,18299147,68.2407788612,291.76,104516,2.7915343105
533,10,Spirit Air Lines,Carrier Delay,1267124,4.7253311137,99.46,10208,9.743338558
534,10,Spirit Air Lines,NAS Delay,1267124,4.7253311137,1953.36,10208,191.355799373
535,10,Spirit Air Lines,Security Delay,1267124,4.7253311137,1.9,10208,0.1861285266
536,10,Spirit Air Lines,Weather Delay,1267124,4.7253311137,2.69,10208,0.2635188088
537,10,United Air Lines Inc.,Carrier Delay,26160401,97.556795383,2085.92,45894,45.4508214581
538,10,United Air Lines Inc.,NAS Delay,26160401,97.556795383,1656.91,45894,36.1029764239
539,10,United Air Lines Inc.,Security Delay,26160401,97.556795383,0,45894,0
540,10,United Air Lines Inc.,Weather Delay,26160401,97.556795383,82.71,45894,1.8021963655
541,10,Virgin America,Carrier Delay,1340778,5,201.38,5464,36.8557833089
542,10,Virgin America,NAS Delay,1340778,5,276.39,5464,50.5838213763
543,10,Virgin America,Security Delay,1340778,5,3.75,5464,0.6863103953
544,10,Virgin America,Weather Delay,1340778,5,43.88,5464,8.0307467057
545,11,Alaska Airlines Inc.,Carrier Delay,3952024,14.7378014854,464.17,13950,33.2738351254
546,11,Alaska Airlines Inc.,NAS Delay,3952024,14.7378014854,902.84,13950,64.7197132616
547,11,Alaska Airlines Inc.,Security Delay,3952024,14.7378014854,8.74,13950,0.6265232975
548,11,Alaska Airlines Inc.,Weather Delay,3952024,14.7378014854,63.57,13950,4.5569892473
549,11,American Airlines Inc.,Carrier Delay,24016489,89.5617656316,3715.84,73871,50.3017422263
550,11,American Airlines Inc.,NAS Delay,24016489,89.5617656316,3962.68,73871,53.6432429505
551,11,American Airlines Inc.,Security Delay,24016489,89.5617656316,76.57,73871,1.0365366653
552,11,American Airlines Inc.,Weather Delay,24016489,89.5617656316,416.62,73871,5.6398315983
553,11,Delta Air Lines Inc.,Carrier Delay,28217526,105.2281809517,2556.45,72228,35.3941684665
554,11,Delta Air Lines Inc.,NAS Delay,28217526,105.2281809517,2690.05,72228,37.2438666445
555,11,Delta Air Lines Inc.,Security Delay,28217526,105.2281809517,6.44,72228,0.0891620978
556,11,Delta Air Lines Inc.,Weather Delay,28217526,105.2281809517,242.65,72228,3.3595004707
557,11,Envoy Air,Carrier Delay,662665,5,802.44,20305,39.5193302142
558,11,Envoy Air,NAS Delay,662665,5,804.45,20305,39.6183206107
559,11,Envoy Air,Security Delay,662665,5,2.95,20305,0.1452844127
560,11,Envoy Air,Weather Delay,662665,5,220.68,20305,10.8682590495
561,11,ExpressJet Airlines Inc.,Carrier Delay,980935,3.6580813528,2054.4,42572,48.2570703749
562,11,ExpressJet Airlines Inc.,NAS Delay,980935,3.6580813528,2518.03,42572,59.1475617777
563,11,ExpressJet Airlines Inc.,Security Delay,980935,3.6580813528,0,42572,0
564,11,ExpressJet Airlines Inc.,Weather Delay,980935,3.6580813528,83.23,42572,1.9550408719
565,11,Frontier Airlines Inc.,Carrier Delay,1194437,4.4542683427,431.12,7763,55.535231225
566,11,Frontier Airlines Inc.,NAS Delay,1194437,4.4542683427,1002.96,7763,129.1974752029
567,11,Frontier Airlines Inc.,Security Delay,1194437,4.4542683427,0,7763,0
568,11,Frontier Airlines Inc.,Weather Delay,1194437,4.4542683427,12.6,7763,1.6230838593
569,11,Hawaiian Airlines Inc.,Carrier Delay,2010666,7.4981316818,223.26,6024,37.061752988
570,11,Hawaiian Airlines Inc.,NAS Delay,2010666,7.4981316818,1.82,6024,0.302124834
571,11,Hawaiian Airlines Inc.,Security Delay,2010666,7.4981316818,0,6024,0
572,11,Hawaiian Airlines Inc.,Weather Delay,2010666,7.4981316818,11.34,6024,1.8824701195
573,11,JetBlue Airways,Carrier Delay,5893119,21.9764905152,1316.9,21697,60.6950269623
574,11,JetBlue Airways,NAS Delay,5893119,21.9764905152,1186.64,21697,54.6914319952
575,11,JetBlue Airways,Security Delay,5893119,21.9764905152,11.12,21697,0.5125132507
576,11,JetBlue Airways,Weather Delay,5893119,21.9764905152,19.93,21697,0.9185601696
577,11,SkyWest Airlines Inc.,Carrier Delay,1875495,6.9940549442,1894.51,47292,40.0598409879
578,11,SkyWest Airlines Inc.,NAS Delay,1875495,6.9940549442,2838.01,47292,60.0103611605
579,11,SkyWest Airlines Inc.,Security Delay,1875495,6.9940549442,16.12,47292,0.3408610336
580,11,SkyWest Airlines Inc.,Weather Delay,1875495,6.9940549442,233.77,47292,4.9431193437
581,11,Southwest Airlines Co.,Carrier Delay,18299147,68.2407788612,5107.77,104045,49.0919313758
582,11,Southwest Airlines Co.,NAS Delay,18299147,68.2407788612,3210.79,104045,30.8596280456
583,11,Southwest Airlines Co.,Security Delay,18299147,68.2407788612,30.23,104045,0.2905473593
584,11,Southwest Airlines Co.,Weather Delay,18299147,68.2407788612,350.26,104045,3.3664279879
585,11,Spirit Air Lines,Carrier Delay,1267124,4.7253311137,548.33,10164,53.948248721
586,11,Spirit Air Lines,NAS Delay,1267124,4.7253311137,1299.01,10164,127.8049980323
587,11,Spirit Air Lines,Security Delay,1267124,4.7253311137,10,10164,0.9838646202
588,11,Spirit Air Lines,Weather Delay,1267124,4.7253311137,34.71,10164,3.4149940968
589,11,United Air Lines Inc.,Carrier Delay,26160401,97.556795383,2198.81,42647,51.5583745633
590,11,United Air Lines Inc.,NAS Delay,26160401,97.556795383,1995.78,42647,46.7976645485
591,11,United Air Lines Inc.,Security Delay,26160401,97.556795383,1,42647,0.0234483082
592,11,United Air Lines Inc.,Weather Delay,26160401,97.556795383,213.09,42647,4.9965999953
593,11,Virgin America,Carrier Delay,1340778,5,229.5,5414,42.3900997414
594,11,Virgin America,NAS Delay,1340778,5,223.48,5414,41.2781677133
595,11,Virgin America,Security Delay,1340778,5,5.39,5414,0.9955670484
596,11,Virgin America,Weather Delay,1340778,5,82.57,5414,15.2512005911
597,12,Alaska Airlines Inc.,Carrier Delay,3952024,14.7378014854,521.93,14459,36.0972404731
598,12,Alaska Airlines Inc.,NAS Delay,3952024,14.7378014854,884.98,14459,61.206169168
599,12,Alaska Airlines Inc.,Security Delay,3952024,14.7378014854,18.43,14459,1.2746386334
600,12,Alaska Airlines Inc.,Weather Delay,3952024,14.7378014854,52.03,14459,3.5984507919
601,12,American Airlines Inc.,Carrier Delay,24016489,89.5617656316,4811.45,76562,62.8438389802
602,12,American Airlines Inc.,NAS Delay,24016489,89.5617656316,5084.23,76562,66.4067030642
603,12,American Airlines Inc.,Security Delay,24016489,89.5617656316,65.64,76562,0.8573443745
604,12,American Airlines Inc.,Weather Delay,24016489,89.5617656316,431.84,76562,5.6403960189
605,12,Delta Air Lines Inc.,Carrier Delay,28217526,105.2281809517,3485.32,70639,49.3398830674
606,12,Delta Air Lines Inc.,NAS Delay,28217526,105.2281809517,3588.66,70639,50.8028143094
607,12,Delta Air Lines Inc.,Security Delay,28217526,105.2281809517,5.45,70639,0.0771528476
608,12,Delta Air Lines Inc.,Weather Delay,28217526,105.2281809517,763.5,70639,10.8084769037
609,12,Envoy Air,Carrier Delay,662665,5,790.1,20993,37.6363549755
610,12,Envoy Air,NAS Delay,662665,5,960.4,20993,45.748582861
611,12,Envoy Air,Security Delay,662665,5,20.09,20993,0.9569856619
612,12,Envoy Air,Weather Delay,662665,5,361.49,20993,17.2195493736
613,12,ExpressJet Airlines Inc.,Carrier Delay,980935,3.6580813528,2370.29,44140,53.6993656547
614,12,ExpressJet Airlines Inc.,NAS Delay,980935,3.6580813528,2617.7,44140,59.3044857272
615,12,ExpressJet Airlines Inc.,Security Delay,980935,3.6580813528,0,44140,0
616,12,ExpressJet Airlines Inc.,Weather Delay,980935,3.6580813528,131.98,44140,2.9900317173
617,12,Frontier Airlines Inc.,Carrier Delay,1194437,4.4542683427,493.89,8120,60.8238916256
618,12,Frontier Airlines Inc.,NAS Delay,1194437,4.4542683427,702.98,8120,86.5738916256
619,12,Frontier Airlines Inc.,Security Delay,1194437,4.4542683427,0,8120,0
620,12,Frontier Airlines Inc.,Weather Delay,1194437,4.4542683427,35.85,8120,4.4150246305
621,12,Hawaiian Airlines Inc.,Carrier Delay,2010666,7.4981316818,290.64,6260,46.428115016
622,12,Hawaiian Airlines Inc.,NAS Delay,2010666,7.4981316818,4.57,6260,0.7300319489
623,12,Hawaiian Airlines Inc.,Security Delay,2010666,7.4981316818,1.17,6260,0.1869009585
624,12,Hawaiian Airlines Inc.,Weather Delay,2010666,7.4981316818,3.5,6260,0.5591054313
625,12,JetBlue Airways,Carrier Delay,5893119,21.9764905152,2372.54,23343,101.6381784689
626,12,JetBlue Airways,NAS Delay,5893119,21.9764905152,1845.49,23343,79.0596752774
627,12,JetBlue Airways,Security Delay,5893119,21.9764905152,42.18,23343,1.8069656856
628,12,JetBlue Airways,Weather Delay,5893119,21.9764905152,72.09,23343,3.0882919933
629,12,SkyWest Airlines Inc.,Carrier Delay,1875495,6.9940549442,2573.78,47590,54.0823702459
630,12,SkyWest Airlines Inc.,NAS Delay,1875495,6.9940549442,3611.55,47590,75.8888421937
631,12,SkyWest Airlines Inc.,Security Delay,1875495,6.9940549442,38.31,47590,0.8050010506
632,12,SkyWest Airlines Inc.,Weather Delay,1875495,6.9940549442,325.77,47590,6.8453456609
633,12,Southwest Airlines Co.,Carrier Delay,18299147,68.2407788612,7490.58,107476,69.6953738509
634,12,Southwest Airlines Co.,NAS Delay,18299147,68.2407788612,3881.84,107476,36.1182031337
635,12,Southwest Airlines Co.,Security Delay,18299147,68.2407788612,65.44,107476,0.6088801221
636,12,Southwest Airlines Co.,Weather Delay,18299147,68.2407788612,488.62,107476,4.5463173174
637,12,Spirit Air Lines,Carrier Delay,1267124,4.7253311137,843.74,10671,79.0685034205
638,12,Spirit Air Lines,NAS Delay,1267124,4.7253311137,1283.25,10671,120.2558335676
639,12,Spirit Air Lines,Security Delay,1267124,4.7253311137,27.5,10671,2.577078062
640,12,Spirit Air Lines,Weather Delay,1267124,4.7253311137,33.28,10671,3.1187330147
641,12,United Air Lines Inc.,Carrier Delay,26160401,97.556795383,3075.39,43443,70.7913818106
642,12,United Air Lines Inc.,NAS Delay,26160401,97.556795383,2320.35,43443,53.4113666183
643,12,United Air Lines Inc.,Security Delay,26160401,97.556795383,0,43443,0
644,12,United Air Lines Inc.,Weather Delay,26160401,97.556795383,359.28,43443,8.2701470893
645,12,Virgin America,Carrier Delay,1340778,5,263.91,5534,47.6888326708
646,12,Virgin America,NAS Delay,1340778,5,531.73,5534,96.0842067221
647,12,Virgin America,Security Delay,1340778,5,12.56,5534,2.2696060716
648,12,Virgin America,Weather Delay,1340778,5,90.61,5534,16.3733285146
